smiles,Class
C,0.4652726948261261
C=C,0.41134965419769287
C#C,0.4944741725921631
c1ccccc1,0.11309410631656647
Cc1ccccc1,0.1625114232301712
N,0.47667112946510315
O,0.4713136553764343
O=C=O,0.555491030216217
[H][H],0.5636152625083923
N#N,0.6093412041664124
O=O,0.5274441242218018
C#[O+],0.5715274810791016
