smiles,p_np
C,0.7901291847229004
C=C,0.9980937838554382
C#C,0.5296468138694763
c1ccccc1,0.9901946187019348
Cc1ccccc1,0.9798803925514221
N,0.8671407699584961
O,0.3373575806617737
O=C=O,0.9965375661849976
[H][H],0.9909620881080627
N#N,0.9813709855079651
O=O,0.9827752709388733
C#[O+],0.8814568519592285
