smiles,HIV_active
C,1.4964811043682857e-06
C=C,0.02421262301504612
C#C,9.970754945243243e-06
c1ccccc1,5.9271478676237166e-05
Cc1ccccc1,7.143658876884729e-05
N,0.9908804893493652
O,8.966924360720441e-05
O=C=O,0.0003926974895875901
[H][H],8.413412189156588e-08
N#N,1.7869695511762984e-05
O=O,3.987862874055281e-05
C#[O+],0.00013540027430281043
