smiles,-logKd/Ki
C,4.561176778305532
C=C,2.038468530108662
C#C,3.0464601037836245
c1ccccc1,3.8791337498060203
Cc1ccccc1,3.8042864854068403
N,2.4241995926648885
O,3.7089704894474287
O=C=O,1.5836460508326695
[H][H],5.000753012509276
N#N,3.44517670352027
O=O,4.041850176677973
C#[O+],2.9623726784755253
