smiles,FDA_APPROVED,CT_TOX
N,0.48679855465888977,0.4925779700279236
