smiles,MUV-466,MUV-548,MUV-600,MUV-644,MUV-652,MUV-689,MUV-692,MUV-712,MUV-713,MUV-733,MUV-737,MUV-810,MUV-832,MUV-846,MUV-852,MUV-858,MUV-859
N,0.00015897161210887134,5.779168350272812e-05,3.1137467885855585e-05,0.00012119839084334671,0.0003182503569405526,7.81672861194238e-05,8.762314973864704e-05,3.107291922788136e-05,0.00024516182020306587,6.523586489493027e-05,0.0004460233903955668,8.410713053308427e-05,2.1617302991217002e-05,4.855843144468963e-06,1.1666737009363715e-05,0.0005407551070675254,0.00029101024847477674
